Building,Room,Date/Time
Spelman,054,4/10/19 10:04 AM
Spelman,023,4/10/19 10:08 AM
Spelman,086,4/10/19 10:09 AM
Spelman,052,4/10/19 10:14 AM
Spelman,085,4/10/19 10:14 AM
Spelman,043,4/10/19 10:16 AM
Spelman,053,4/10/19 10:17 AM
Spelman,038,4/10/19 10:19 AM
Spelman,026,4/10/19 10:22 AM
Spelman,063,4/10/19 10:22 AM
Spelman,037,4/10/19 10:23 AM
Spelman,041,4/10/19 10:26 AM
Spelman,046,4/10/19 10:27 AM
Spelman,024,4/10/19 10:29 AM
Spelman,056,4/10/19 10:33 AM
Spelman,076,4/10/19 10:33 AM
Spelman,064,4/10/19 10:40 AM
Spelman,025,4/10/19 10:42 AM
Spelman,082,4/10/19 10:45 AM
Spelman,045,4/10/19 10:48 AM
Spelman,083,4/10/19 10:49 AM
Spelman,065,4/10/19 10:50 AM
Spelman,017,4/10/19 10:58 AM
Spelman,061,4/10/19 10:58 AM
Spelman,066,4/10/19 11:08 AM
Spelman,047,4/10/19 11:09 AM
Spelman,015,4/10/19 11:11 AM
Spelman,084,4/10/19 11:15 AM
Spelman,075,4/10/19 11:16 AM
Spelman,073,4/10/19 11:20 AM
Spelman,034,4/10/19 11:20 AM
Spelman,067,4/10/19 11:23 AM
Spelman,074,4/10/19 11:24 AM
Spelman,016,4/10/19 11:26 AM
Spelman,021,4/10/19 11:27 AM
Spelman,022,4/10/19 11:28 AM
Spelman,036,4/10/19 11:28 AM
Spelman,014,4/10/19 11:36 AM
Spelman,051,4/10/19 11:40 AM
Spelman,018,4/10/19 11:43 AM
Spelman,068,4/10/19 11:47 AM
Spelman,055,4/10/19 11:51 AM
Spelman,013,4/10/19 11:51 AM
Spelman,071,4/10/19 11:55 AM
Spelman,078,4/10/19 11:56 AM
Spelman,048,4/10/19 11:57 AM
Spelman,032,4/10/19 11:59 AM
Spelman,077,4/10/19 12:00 PM
Spelman,011,4/10/19 12:06 PM
Spelman,081,4/10/19 12:06 PM
Spelman,035,4/10/19 12:10 PM
Spelman,012,4/10/19 12:11 PM
Wilf,E401,4/10/19 12:19 PM
Wilf,E403,4/10/19 12:21 PM
Scully,267,4/10/19 12:22 PM
Scully,273,4/10/19 12:22 PM
Scully,271,4/10/19 12:22 PM
Scully,265,4/10/19 12:22 PM
Scully,264,4/10/19 12:37 PM
1903,133,4/10/19 12:52 PM
Lockhart,224,4/10/19 1:06 PM
Scully,266,4/10/19 1:22 PM
Lockhart,322,4/10/19 1:36 PM
Henry,101,4/10/19 1:44 PM
1903,214,4/10/19 1:59 PM
1903,212,4/10/19 2:18 PM
1903,112,4/10/19 2:18 PM
Patton,080,4/10/19 2:25 PM
1903,215,4/10/19 2:43 PM
1903,113,4/10/19 2:43 PM
Lockhart,241,4/10/19 2:48 PM
Scully,171,4/10/19 3:06 PM
Dod,115,4/10/19 3:13 PM
Scully,262,4/10/19 3:32 PM
Scully,168,4/10/19 3:39 PM
Patton,086,4/10/19 3:56 PM
1903,121,4/10/19 4:00 PM
Scully,173,4/10/19 4:07 PM
Henry,115,4/10/19 4:17 PM
Little,A34,4/10/19 4:30 PM
Dod,200N,4/10/19 4:32 PM
Scully,162,4/10/19 4:33 PM
1903,211,4/10/19 4:36 PM
Lockhart,212,4/10/19 4:36 PM
Lockhart,302,4/10/19 4:37 PM
Little,A36,4/10/19 4:43 PM
Dod,210,4/10/19 9:19 PM
Dod,111,4/11/19 10:18 AM
Patton,T02,4/11/19 10:31 AM
1903,136,4/11/19 10:31 AM
Dod,204,4/11/19 10:52 AM
Dod,205,4/11/19 10:54 AM
1903,111,4/11/19 10:59 AM
Dod,201,4/11/19 11:01 AM
Pyne,114,4/11/19 11:09 AM
Henry,116,4/11/19 11:16 AM
Scully,166,4/11/19 11:19 AM
Dod,102N,4/11/19 11:21 AM
1903,135,4/11/19 11:23 AM
Dod,101,4/11/19 11:41 AM
Patton,082,4/11/19 11:49 AM
Scully,164,4/11/19 11:56 AM
Lockhart,214,4/11/19 12:10 PM
Pyne,115,4/11/19 12:16 PM
Pyne,125,4/11/19 12:17 PM
Pyne,116,4/11/19 12:17 PM
Scully,172,4/11/19 12:18 PM
Lockhart,221,4/11/19 12:19 PM
Dod,101S,4/11/19 12:20 PM
Scully,170,4/11/19 12:20 PM
Dod,114,4/11/19 12:22 PM
Pyne,132,4/11/19 12:24 PM
Scully,174,4/11/19 12:27 PM
Scully,272,4/11/19 12:30 PM
Scully,367,4/11/19 12:30 PM
Henry,103,4/11/19 12:31 PM
Scully,274,4/11/19 12:35 PM
Patton,084,4/11/19 12:37 PM
Patton,085,4/11/19 12:38 PM
Lockhart,225,4/11/19 12:40 PM
Little,A28,4/11/19 12:42 PM
Lockhart,242,4/11/19 12:44 PM
Pyne,121,4/11/19 12:49 PM
Dod,102,4/11/19 12:50 PM
Dod,105,4/11/19 12:52 PM
Dod,104,4/11/19 12:52 PM
Dod,116,4/11/19 12:57 PM
Lockhart,211,4/11/19 12:58 PM
Dod,102S,4/11/19 12:59 PM
Dod,117,4/11/19 12:59 PM
Dod,112,4/11/19 1:00 PM
Pyne,124,4/11/19 1:06 PM
Dod,211,4/11/19 1:06 PM
Patton,070,4/11/19 1:09 PM
Little,A24,4/11/19 1:10 PM
Dod,107,4/11/19 1:10 PM
Dod,212,4/11/19 1:11 PM
Dod,202,4/11/19 1:13 PM
Dod,200,4/11/19 1:14 PM
Lockhart,301,4/11/19 1:23 PM
Lockhart,303,4/11/19 1:23 PM
Pyne,113,4/11/19 1:25 PM
Henry,102,4/11/19 1:31 PM
Lockhart,222,4/11/19 1:33 PM
Pyne,131,4/11/19 1:33 PM
Lockhart,325,4/11/19 1:35 PM
Lockhart,323,4/11/19 1:45 PM
Pyne,122,4/11/19 1:49 PM
Pyne,123,4/11/19 1:49 PM
1903,132,4/11/19 1:49 PM
Pyne,133,4/11/19 1:50 PM
Pyne,214,4/11/19 1:54 PM
Patton,T01,4/11/19 1:56 PM
Pyne,212,4/11/19 1:56 PM
Pyne,134,4/11/19 1:59 PM
Little,A16,4/11/19 2:05 PM
Little,A38,4/11/19 2:21 PM
Dod,103,4/11/19 3:31 PM
Little,A20,4/11/19 4:05 PM
1903,123,4/11/19 4:07 PM
Wilf,E405,4/11/19 4:08 PM
Patton,081,4/11/19 4:11 PM
Lockhart,201,4/11/19 4:16 PM
Lockhart,231,4/11/19 4:18 PM
Wilf,E402,4/11/19 4:21 PM
Lockhart,232,4/11/19 4:29 PM
Dod,113,4/11/19 4:46 PM
Pyne,142,4/11/19 4:48 PM
Little,A10,4/11/19 5:03 PM
Wendell,B407,4/12/19 10:01 AM
Wendell,C207,4/12/19 10:03 AM
1976,D204,4/12/19 10:03 AM
Bloomberg,309,4/12/19 10:05 AM
Bloomberg,311,4/12/19 10:05 AM
1981,F201,4/12/19 10:09 AM
Fisher,A303,4/12/19 10:10 AM
Fisher,A323,4/12/19 10:10 AM
Little,062,4/12/19 10:10 AM
Bloomberg,451,4/12/19 10:11 AM
Blair,B71,4/12/19 10:13 AM
Edwards,113,4/12/19 10:15 AM
Wilf,E103,4/12/19 10:15 AM
Little,055,4/12/19 10:16 AM
Bloomberg,275,4/12/19 10:16 AM
Bloomberg,273,4/12/19 10:17 AM
Bloomberg,192,4/12/19 10:18 AM
Hargadon,G304B,4/12/19 10:19 AM
Bogle,C203,4/12/19 10:22 AM
Lauritzen,D314,4/12/19 10:24 AM
Little,047,4/12/19 10:26 AM
1967,B309,4/12/19 10:28 AM
1967,B305,4/12/19 10:29 AM
Little,395,4/12/19 10:29 AM
Edwards,513,4/12/19 10:31 AM
Fisher,A314,4/12/19 10:31 AM
Bloomberg,381,4/12/19 10:32 AM
Wendell,B418,4/12/19 10:33 AM
Bloomberg,124,4/12/19 10:36 AM
Baker,S305,4/12/19 10:38 AM
Bloomberg,111,4/12/19 10:38 AM
Joline,225,4/12/19 10:38 AM
Baker,E113,4/12/19 10:40 AM
1976,D114,4/12/19 10:41 AM
Murley-Pivirotto,T403,4/12/19 10:48 AM
1976,D304,4/12/19 10:48 AM
Little,087,4/12/19 10:49 AM
Bloomberg,314,4/12/19 10:50 AM
Wendell,B421,4/12/19 10:51 AM
Little,385,4/12/19 10:52 AM
Blair,B52,4/12/19 10:54 AM
Bloomberg,379,4/12/19 10:55 AM
Wendell,B216,4/12/19 10:55 AM
Wendell,B312,4/12/19 10:55 AM
Wendell,B316,4/12/19 10:56 AM
Bloomberg,474,4/12/19 10:58 AM
Bloomberg,326,4/12/19 10:59 AM
Hargadon,G203B,4/12/19 11:00 AM
Baker,S104,4/12/19 11:01 AM
Bloomberg,430,4/12/19 11:04 AM
Bloomberg,277,4/12/19 11:12 AM
Little,318,4/12/19 11:12 AM
Bloomberg,361,4/12/19 11:14 AM
1967,B209,4/12/19 11:14 AM
Baker,S204,4/12/19 11:17 AM
Bogle,C105,4/12/19 11:17 AM
Fisher,A105,4/12/19 11:18 AM
Bloomberg,269,4/12/19 11:20 AM
Bogle,C103,4/12/19 11:21 AM
Bloomberg,281,4/12/19 11:30 AM
Little,303,4/12/19 11:31 AM
Baker,E217,4/12/19 11:32 AM
Wendell,B410,4/12/19 11:34 AM
Little,302,4/12/19 11:35 AM
Hargadon,G311,4/12/19 11:38 AM
Baker,S205,4/12/19 11:44 AM
Hargadon,G309,4/12/19 11:46 AM
Lauritzen,D304,4/12/19 11:48 AM
Lauritzen,D306,4/12/19 11:48 AM
1981,F225,4/12/19 11:51 AM
Bloomberg,479,4/12/19 11:56 AM
Little,393,4/12/19 11:58 AM
Little,389,4/12/19 12:02 PM
Baker,S203,4/12/19 12:03 PM
Wendell,B212,4/12/19 12:08 PM
Edwards,111,4/12/19 12:16 PM
Fisher,A201,4/12/19 12:17 PM
Wendell,B419,4/12/19 12:17 PM
Bloomberg,467,4/12/19 12:18 PM
Bloomberg,334,4/12/19 12:25 PM
Bloomberg,307,4/12/19 12:26 PM
Bloomberg,305,4/12/19 12:26 PM
Baker,S303,4/12/19 12:28 PM
1981,F303,4/12/19 12:29 PM
Little,057,4/12/19 12:32 PM
Wendell,C208,4/12/19 12:38 PM
Bloomberg,401,4/12/19 12:38 PM
Hamilton,221,4/12/19 12:44 PM
Fisher,A225,4/12/19 12:49 PM
Wendell,C202,4/12/19 12:49 PM
Wendell,C210,4/12/19 12:51 PM
Wilf,E306,4/12/19 12:52 PM
Wendell,B417,4/12/19 12:53 PM
1967,B205,4/12/19 12:55 PM
Bloomberg,349,4/12/19 1:02 PM
Bloomberg,342,4/12/19 1:02 PM
Little,085,4/12/19 1:02 PM
Little,391,4/12/19 1:05 PM
Bloomberg,303,4/12/19 1:11 PM
Bloomberg,301,4/12/19 1:11 PM
1976,D314,4/12/19 1:20 PM
1976,D316,4/12/19 1:23 PM
Bloomberg,226,4/12/19 1:39 PM
Edwards,504,4/12/19 1:42 PM
Bloomberg,348,4/12/19 1:42 PM
Bloomberg,357,4/12/19 1:43 PM
Bloomberg,227,4/12/19 1:53 PM
Bloomberg,346,4/12/19 1:59 PM
Wilf,E206,4/12/19 2:01 PM
Bloomberg,302,4/12/19 2:17 PM
Patton,090,4/12/19 2:36 PM
Edwards,507,4/12/19 3:40 PM
Edwards,508,4/12/19 3:47 PM
Edwards,514,4/13/19 11:46 PM
Edwards,110,4/15/19 10:00 AM
Edwards,106,4/15/19 10:01 AM
Wilf,E203,4/15/19 10:07 AM
Wilf,E201,4/15/19 10:07 AM
Wilf,E208,4/15/19 10:07 AM
Blair,114,4/15/19 10:11 AM
Edwards,502,4/15/19 10:11 AM
Bloomberg,310,4/15/19 10:14 AM
Little,048,4/15/19 10:14 AM
Yoseloff,A107,4/15/19 10:15 AM
Baker,E309,4/15/19 10:15 AM
Bloomberg,308,4/15/19 10:15 AM
Bloomberg,306,4/15/19 10:15 AM
Joline,212,4/15/19 10:17 AM
Joline,235,4/15/19 10:17 AM
Bloomberg,304,4/15/19 10:19 AM
Hargadon,G301,4/15/19 10:20 AM
Fisher,A308,4/15/19 10:22 AM
Fisher,A312,4/15/19 10:22 AM
Fisher,A310,4/15/19 10:22 AM
Wendell,C211,4/15/19 10:23 AM
Wendell,C209,4/15/19 10:25 AM
Fisher,A101,4/15/19 10:26 AM
Wendell,C214,4/15/19 10:26 AM
Bloomberg,459,4/15/19 10:27 AM
Baker,E307,4/15/19 10:27 AM
Baker,E305,4/15/19 10:27 AM
Blair,082,4/15/19 10:29 AM
Little,311,4/15/19 10:31 AM
Joline,213,4/15/19 10:32 AM
Lauritzen,D206,4/15/19 10:33 AM
Baker,E215,4/15/19 10:34 AM
Joline,412,4/15/19 10:34 AM
Edwards,512,4/15/19 10:35 AM
Bloomberg,340,4/15/19 10:37 AM
Yoseloff,A205,4/15/19 10:39 AM
Yoseloff,A207,4/15/19 10:39 AM
Fisher,A318,4/15/19 10:40 AM
Wendell,B409,4/15/19 10:41 AM
Little,305,4/15/19 10:43 AM
1981,F301,4/15/19 10:45 AM
Bloomberg,408,4/15/19 10:47 AM
Bloomberg,481,4/15/19 10:48 AM
Wendell,B210,4/15/19 10:52 AM
Bloomberg,456,4/15/19 10:53 AM
Joline,422,4/15/19 10:54 AM
Wilf,E301,4/15/19 10:57 AM
Wilf,E303,4/15/19 10:57 AM
Bloomberg,112,4/15/19 11:00 AM
Fisher,A316,4/15/19 11:01 AM
1981,F104,4/15/19 11:01 AM
Hargadon,G405,4/15/19 11:04 AM
Little,387,4/15/19 11:05 AM
Bloomberg,449,4/15/19 11:07 AM
Bloomberg,327,4/15/19 11:07 AM
Wilf,E108,4/15/19 11:07 AM
Bloomberg,461,4/15/19 11:09 AM
Bloomberg,463,4/15/19 11:09 AM
Wilf,E107,4/15/19 11:09 AM
Little,309,4/15/19 11:10 AM
Little,307,4/15/19 11:10 AM
Edwards,107,4/15/19 11:11 AM
Bloomberg,279,4/15/19 11:12 AM
Wilf,E308,4/15/19 11:12 AM
1981,F027,4/15/19 11:12 AM
Bloomberg,359,4/15/19 11:15 AM
Bloomberg,369,4/15/19 11:19 AM
Wendell,C216,4/15/19 11:21 AM
Bloomberg,403,4/15/19 11:22 AM
Bloomberg,274,4/15/19 11:22 AM
Bloomberg,344,4/15/19 11:22 AM
Bloomberg,278,4/15/19 11:23 AM
Bloomberg,402,4/15/19 11:23 AM
Bloomberg,404,4/15/19 11:23 AM
Bloomberg,409,4/15/19 11:26 AM
Baker,E310,4/15/19 11:27 AM
Baker,E224,4/15/19 11:27 AM
Bloomberg,350,4/15/19 11:29 AM
Edwards,505,4/15/19 11:29 AM
1981,F107,4/15/19 11:29 AM
Bloomberg,271,4/15/19 11:31 AM
Bloomberg,469,4/15/19 11:31 AM
Bloomberg,336,4/15/19 11:32 AM
Bloomberg,427,4/15/19 11:32 AM
Bloomberg,425,4/15/19 11:32 AM
Edwards,105,4/15/19 11:33 AM
Fisher,A321,4/15/19 11:35 AM
Fisher,A317,4/15/19 11:35 AM
Bloomberg,316,4/15/19 11:37 AM
Edwards,103,4/15/19 11:38 AM
1981,F102,4/15/19 11:40 AM
Edwards,116,4/15/19 11:41 AM
1981,F305,4/15/19 11:45 AM
Bloomberg,436,4/15/19 11:46 AM
Hamilton,121,4/15/19 11:46 AM
Hargadon,G203A,4/15/19 11:48 AM
Edwards,114,4/15/19 11:49 AM
Bloomberg,407,4/15/19 11:49 AM
Hargadon,G304A,4/15/19 11:51 AM
Edwards,101,4/15/19 11:53 AM
Bloomberg,343,4/15/19 11:54 AM
Wendell,C215,4/15/19 11:54 AM
Wendell,B426,4/15/19 11:56 AM
Little,327,4/15/19 11:56 AM
1981,F017,4/15/19 11:56 AM
Wendell,B424,4/15/19 11:57 AM
Blair,B73,4/15/19 12:00 PM
Bloomberg,378,4/15/19 12:01 PM
Bloomberg,324,4/15/19 12:02 PM
Bloomberg,406,4/15/19 12:05 PM
Bloomberg,405,4/15/19 12:05 PM
Baker,E308,4/15/19 12:05 PM
Joline,311,4/15/19 12:07 PM
Edwards,112,4/15/19 12:08 PM
1981,F101,4/15/19 12:11 PM
Bloomberg,457,4/15/19 12:11 PM
Fisher,A114,4/15/19 12:11 PM
Hargadon,G407A,4/15/19 12:13 PM
Bloomberg,229,4/15/19 12:15 PM
1915,625,4/15/19 12:17 PM
1981,F227,4/15/19 12:19 PM
Bloomberg,318,4/15/19 12:21 PM
Hargadon,G306,4/15/19 12:21 PM
Wendell,C206,4/15/19 12:22 PM
Blair,B83,4/15/19 12:22 PM
Wendell,C213,4/15/19 12:23 PM
Bloomberg,445,4/15/19 12:26 PM
Joline,332,4/15/19 12:28 PM
Bloomberg,441,4/15/19 12:29 PM
Baker,E120,4/15/19 12:30 PM
Edwards,509,4/15/19 12:31 PM
Bloomberg,320,4/15/19 12:32 PM
Bloomberg,322,4/15/19 12:32 PM
Hargadon,G205,4/15/19 12:34 PM
Joline,312,4/15/19 12:38 PM
1981,F121,4/15/19 12:39 PM
Baker,E118,4/15/19 12:42 PM
Baker,E207,4/15/19 12:43 PM
Baker,E221,4/15/19 12:46 PM
Edwards,506,4/15/19 12:50 PM
Little,313,4/15/19 12:51 PM
Edwards,503,4/15/19 12:53 PM
Joline,433,4/15/19 12:54 PM
Edwards,511,4/15/19 12:56 PM
Edwards,501,4/15/19 12:57 PM
Baker,E125,4/15/19 12:57 PM
Edwards,510,4/15/19 12:59 PM
Lauritzen,D312,4/15/19 12:59 PM
Little,083,4/15/19 1:05 PM
Blair,B51,4/15/19 1:06 PM
Blair,B53,4/15/19 1:06 PM
1981,F226,4/15/19 1:07 PM
Joline,333,4/15/19 1:07 PM
1981,F228,4/15/19 1:07 PM
Baker,E109,4/15/19 1:08 PM
Little,015,4/15/19 1:09 PM
Baker,E423,4/15/19 1:26 PM
Baker,E123,4/15/19 1:32 PM
Baker,E425,4/15/19 1:35 PM
1981,F025,4/15/19 1:36 PM
Walker,327,4/16/19 10:01 AM
Walker,319,4/16/19 10:08 AM
1927,131,4/16/19 10:08 AM
Walker,231,4/16/19 10:10 AM
Walker,324,4/16/19 10:11 AM
Walker,223,4/16/19 10:11 AM
Walker,213,4/16/19 10:12 AM
Walker,304,4/16/19 10:12 AM
Gauss,101,4/16/19 10:19 AM
1939,115,4/16/19 10:22 AM
1938,215,4/16/19 10:24 AM
Clapp,212,4/16/19 10:24 AM
1939,343,4/16/19 10:33 AM
1939,331,4/16/19 10:35 AM
Dodge,Hall,121 4/16/19 10:35 AM
Walker,214,4/16/19 10:37 AM
Clapp,232,4/16/19 10:37 AM
Walker,123,4/16/19 10:38 AM
1939,232,4/16/19 10:44 AM
1939,228,4/16/19 10:44 AM
1939,335,4/16/19 10:46 AM
1939,126,4/16/19 10:47 AM
Dodge,Hall,202 4/16/19 10:48 AM
Walker,132,4/16/19 10:49 AM
1939,337,4/16/19 10:49 AM
Gauss,117,4/16/19 10:50 AM
Walker,331,4/16/19 10:51 AM
Clapp,201,4/16/19 10:51 AM
1927,122,4/16/19 11:05 AM
1937,122,4/16/19 11:05 AM
Clapp,202,4/16/19 11:05 AM
1939,338,4/16/19 11:12 AM
1939,339,4/16/19 11:12 AM
Gauss,115,4/16/19 11:13 AM
1927,135,4/16/19 11:14 AM
1937,121,4/16/19 11:15 AM
1927,112,4/16/19 11:16 AM
1927,121,4/16/19 11:22 AM
1927,111,4/16/19 11:24 AM
1927,132,4/16/19 11:29 AM
1938,214,4/16/19 11:29 AM
1937,226,4/16/19 11:30 AM
1938,225,4/16/19 11:31 AM
1939,222,4/16/19 11:34 AM
1937,131,4/16/19 11:36 AM
Dodge,Hall,224 4/16/19 11:38 AM
1938,222,4/16/19 11:44 AM
1938,211,4/16/19 11:46 AM
1938,212,4/16/19 11:48 AM
1937,201,4/16/19 11:48 AM
Feinberg,301,4/16/19 11:48 AM
Feinberg,302,4/16/19 11:49 AM
Gauss,134,4/16/19 11:59 AM
Gauss,114,4/16/19 12:00 PM
Clapp,231,4/16/19 12:00 PM
Walker,312,4/16/19 12:02 PM
Walker,332,4/16/19 12:04 PM
1927,133,4/16/19 12:04 PM
Feinberg,401,4/16/19 12:05 PM
1939,125,4/16/19 12:05 PM
Dodge,Hall,212 4/16/19 12:10 PM
1937,236,4/16/19 12:11 PM
1938,234,4/16/19 12:13 PM
1938,112,4/16/19 12:14 PM
1938,132,4/16/19 12:14 PM
Dodge,Hall,217 4/16/19 12:14 PM
Dodge,Hall,204 4/16/19 12:22 PM
1937,216,4/16/19 12:26 PM
1938,114,4/16/19 12:28 PM
1938,213,4/16/19 12:28 PM
Dodge,Hall,226 4/16/19 12:28 PM
1937,125,4/16/19 12:30 PM
1938,113,4/16/19 12:32 PM
1939,226,4/16/19 12:33 PM
1937,204,4/16/19 12:37 PM
1937,206,4/16/19 12:38 PM
1937,105,4/16/19 12:39 PM
1937,104,4/16/19 12:39 PM
Walker,301,4/16/19 12:40 PM
1937,205,4/16/19 12:49 PM
Walker,333,4/16/19 12:50 PM
1938,235,4/16/19 12:50 PM
1939,225,4/16/19 12:58 PM
Dodge,Hall,227 4/16/19 12:58 PM
1939,340,4/16/19 1:00 PM
1939,342,4/16/19 1:00 PM
1939,234,4/16/19 1:00 PM
Dodge,Hall,125 4/16/19 1:05 PM
Feinberg,402,4/16/19 1:10 PM
1938,233,4/16/19 1:12 PM
1939,233,4/16/19 1:18 PM
1939,341,4/16/19 1:25 PM
Gauss,112,4/16/19 1:29 PM
Dodge,Hall,124 4/16/19 1:30 PM
Gauss,111,4/16/19 1:30 PM
Gauss,131,4/16/19 1:30 PM
Gauss,113,4/16/19 1:30 PM
1937,203,4/16/19 1:31 PM
Dodge,Hall,201 4/16/19 1:31 PM
Dodge,Hall,123 4/16/19 1:32 PM
Dodge,Hall,223 4/16/19 1:32 PM
1937,214,4/16/19 1:41 PM
1937,215,4/16/19 1:41 PM
Dodge,Hall,222 4/16/19 1:54 PM
1937,126,4/16/19 1:54 PM
Dodge,Hall,216 4/16/19 1:57 PM
Gauss,132,4/16/19 1:57 PM
Dodge,Hall,126 4/16/19 2:00 PM
Dodge,Hall,213 4/16/19 2:07 PM
Dodge,Hall,203 4/16/19 2:16 PM
Walker,302,4/16/19 3:16 PM
Joline,334,4/17/19 10:03 AM
Joline,331,4/17/19 10:03 AM
Joline,234,4/17/19 10:03 AM
Little,381,4/17/19 10:07 AM
Blair,305,4/17/19 10:07 AM
Campbell,006A,4/17/19 10:14 AM
Blair,051,4/17/19 10:17 AM
Blair,B41,4/17/19 10:20 AM
Joline,214,4/17/19 10:21 AM
Joline,323,4/17/19 10:27 AM
Edwards,117,4/17/19 10:31 AM
Blair,B82,4/17/19 10:39 AM
Little,035,4/17/19 10:40 AM
Little,071,4/17/19 10:43 AM
Little,401,4/17/19 10:43 AM
Joline,231,4/17/19 10:50 AM
Little,077,4/17/19 10:50 AM
Edwards,515,4/17/19 10:58 AM
Edwards,102,4/17/19 10:58 AM
Edwards,115,4/17/19 10:58 AM
Little,321,4/17/19 11:04 AM
Blair,061,4/17/19 11:06 AM
Blair,B92,4/17/19 11:10 AM
Blair,B81,4/17/19 11:15 AM
Hamilton,324,4/17/19 11:18 AM
Campbell,052B,4/17/19 11:20 AM
Joline,313,4/17/19 11:21 AM
Campbell,052,4/17/19 11:22 AM
Little,074,4/17/19 11:26 AM
Campbell,052A,4/17/19 11:27 AM
Blair,045,4/17/19 11:37 AM
Blair,B91,4/17/19 11:39 AM
Campbell,062,4/17/19 11:41 AM
Campbell,063,4/17/19 11:42 AM
Campbell,061,4/17/19 11:43 AM
Blair,093,4/17/19 11:48 AM
Campbell,005B,4/17/19 11:55 AM
Blair,B61,4/17/19 11:58 AM
Blair,097,4/17/19 12:00 PM
Joline,223,4/17/19 12:02 PM
Blair,095,4/17/19 12:08 PM
Blair,098,4/17/19 12:17 PM
Little,063,4/17/19 12:22 PM
Little,013,4/17/19 12:25 PM
Joline,432,4/17/19 12:27 PM
Little,031,4/17/19 12:29 PM
Blair,B42,4/17/19 12:30 PM
Blair,B62,4/17/19 12:30 PM
Blair,084,4/17/19 12:32 PM
Blair,092,4/17/19 12:32 PM
Little,329,4/17/19 12:40 PM
Hamilton,124,4/17/19 12:55 PM
Little,073,4/17/19 12:57 PM
Little,301,4/17/19 1:17 PM
Little,051,4/17/19 1:41 PM
Little,033,4/17/19 1:56 PM
Blair,096,4/17/19 2:16 PM
Blair,302,4/17/19 2:28 PM
Little,081,4/17/19 2:33 PM
Little,053,4/17/19 2:37 PM
Blair,083,4/17/19 2:42 PM
Blair,091,4/18/19 9:23 AM
Witherspoon,006,4/18/19 10:01 AM
Holder,011,4/18/19 10:01 AM
Holder,076,4/18/19 10:02 AM
Holder,074,4/18/19 10:02 AM
Holder,012,4/18/19 10:02 AM
Holder,142,4/18/19 10:07 AM
Witherspoon,403,4/18/19 10:12 AM
Witherspoon,503,4/18/19 10:13 AM
Buyers,024,4/18/19 10:17 AM
Holder,088,4/18/19 10:20 AM
Witherspoon,121,4/18/19 10:21 AM
Holder,024,4/18/19 10:21 AM
Holder,022,4/18/19 10:22 AM
Witherspoon,222,4/18/19 10:23 AM
Witherspoon,417,4/18/19 10:27 AM
Holder,068,4/18/19 10:30 AM
Holder,027,4/18/19 10:31 AM
Holder,079,4/18/19 10:31 AM
Witherspoon,317,4/18/19 10:35 AM
Campbell,013,4/18/19 10:38 AM
Holder,115,4/18/19 10:39 AM
Holder,116,4/18/19 10:39 AM
Holder,136,4/18/19 10:41 AM
Holder,126,4/18/19 10:42 AM
Witherspoon,217,4/18/19 10:43 AM
Buyers,033,4/18/19 10:48 AM
Holder,067,4/18/19 10:54 AM
Holder,046,4/18/19 10:58 AM
Witherspoon,416,4/18/19 11:04 AM
Witherspoon,201,4/18/19 11:07 AM
Holder,057,4/18/19 11:07 AM
Buyers,034,4/18/19 11:07 AM
Buyers,B21,4/18/19 11:08 AM
Witherspoon,014,4/18/19 11:09 AM
Holder,085,4/18/19 11:11 AM
Witherspoon,321,4/18/19 11:11 AM
Witherspoon,216,4/18/19 11:12 AM
Holder,047,4/18/19 11:12 AM
Witherspoon,215,4/18/19 11:12 AM
Witherspoon,312,4/18/19 11:12 AM
Witherspoon,316,4/18/19 11:14 AM
Blair,301,4/18/19 11:16 AM
Holder,097,4/18/19 11:23 AM
Holder,061,4/18/19 11:30 AM
Witherspoon,210,4/18/19 11:32 AM
Holder,066,4/18/19 11:33 AM
Holder,095,4/18/19 11:37 AM
Witherspoon,510,4/18/19 11:37 AM
Campbell,003C,4/18/19 11:39 AM
Witherspoon,306,4/18/19 11:41 AM
Witherspoon,206,4/18/19 11:41 AM
Witherspoon,117,4/18/19 11:45 AM
Witherspoon,205,4/18/19 11:45 AM
Witherspoon,012,4/18/19 11:46 AM
Witherspoon,214,4/18/19 11:47 AM
Holder,078,4/18/19 11:47 AM
Buyers,B13,4/18/19 11:49 AM
Witherspoon,208,4/18/19 11:49 AM
Holder,086,4/18/19 11:50 AM
Witherspoon,505,4/18/19 11:55 AM
Witherspoon,211,4/18/19 11:55 AM
Witherspoon,203,4/18/19 11:57 AM
Buyers,B23,4/18/19 11:58 AM
Campbell,003B,4/18/19 11:58 AM
Buyers,B22,4/18/19 11:58 AM
Campbell,003A,4/18/19 12:00 PM
Witherspoon,303,4/18/19 12:03 PM
Witherspoon,509,4/18/19 12:06 PM
Campbell,014,4/18/19 12:13 PM
Witherspoon,501,4/18/19 12:14 PM
Campbell,022,4/18/19 12:17 PM
Holder,096,4/18/19 12:22 PM
Holder,063,4/18/19 12:24 PM
Holder,107,4/18/19 12:30 PM
Buyers,T02,4/18/19 12:36 PM
Holder,081,4/18/19 12:40 PM
Holder,092,4/18/19 12:44 PM
Holder,073,4/18/19 12:51 PM
Holder,041,4/18/19 12:52 PM
Buyers,017,4/18/19 12:59 PM
Holder,037,4/18/19 1:14 PM
Holder,122,4/18/19 1:17 PM
Holder,026,4/18/19 1:18 PM
Holder,042,4/18/19 1:20 PM
Holder,143,4/18/19 1:29 PM
Holder,094,4/18/19 1:33 PM
Holder,062,4/18/19 1:36 PM
Holder,124,4/18/19 1:37 PM
Campbell,024,4/18/19 1:40 PM
Buyers,016,4/18/19 1:42 PM
Holder,123,4/18/19 1:44 PM
Witherspoon,209,4/18/19 1:45 PM
Witherspoon,504,4/18/19 1:54 PM
Witherspoon,204,4/18/19 2:08 PM
Holder,093,4/18/19 2:23 PM
Holder,043,4/18/19 2:36 PM
Campbell,026,4/18/19 2:41 PM
Buyers,B31,4/18/19 3:34 PM
Holder,135,4/18/19 10:45 PM
Bloomberg,193,4/19/19 10:06 AM
Bloomberg,376,4/19/19 10:11 AM
Bloomberg,374,4/19/19 10:11 AM
Bloomberg,373,4/19/19 10:17 AM
Yoseloff,A113,4/19/19 10:26 AM
Bloomberg,121,4/19/19 10:26 AM
Yoseloff,A213,4/19/19 10:28 AM
Bloomberg,323,4/19/19 10:30 AM
Bloomberg,132,4/19/19 10:33 AM
Bloomberg,177,4/19/19 10:40 AM
Bloomberg,181,4/19/19 10:45 AM
Bloomberg,329,4/19/19 10:47 AM
Bloomberg,341,4/19/19 10:48 AM
Bloomberg,325,4/19/19 10:48 AM
Bloomberg,454,4/19/19 10:51 AM
Bloomberg,458,4/19/19 10:51 AM
Bloomberg,140,4/19/19 10:52 AM
Bloomberg,423,4/19/19 10:52 AM
Bloomberg,410,4/19/19 10:52 AM
Bloomberg,182,4/19/19 10:57 AM
Bloomberg,371,4/19/19 11:05 AM
Bloomberg,367,4/19/19 11:06 AM
Bloomberg,471,4/19/19 11:08 AM
Bloomberg,476,4/19/19 11:08 AM
1976,D312,4/19/19 11:11 AM
Bloomberg,478,4/19/19 11:12 AM
Bloomberg,175,4/19/19 11:13 AM
1915,411,4/19/19 11:16 AM
1915,422,4/19/19 11:16 AM
1976,D106,4/19/19 11:23 AM
Bloomberg,191,4/19/19 11:24 AM
Yoseloff,A202,4/19/19 11:25 AM
1976,D212,4/19/19 11:30 AM
1976,D210,4/19/19 11:31 AM
1976,D112,4/19/19 11:33 AM
Bogle,C202,4/19/19 11:35 AM
1915,412,4/19/19 11:52 AM
Yoseloff,A203,4/19/19 11:52 AM
1967,B204,4/19/19 11:54 AM
Yoseloff,A208,4/19/19 11:54 AM
Bloomberg,473,4/19/19 11:56 AM
1915,425,4/19/19 11:58 AM
1915,524,4/19/19 11:59 AM
1915,615,4/19/19 11:59 AM
1967,B313,4/19/19 12:06 PM
Wilf,E202,4/19/19 12:09 PM
1976,D306,4/19/19 12:17 PM
1967,B214,4/19/19 12:17 PM
Wilf,E205,4/19/19 12:28 PM
Wilf,E302,4/19/19 12:32 PM
1915,415,4/19/19 12:36 PM
Wilf,E305,4/19/19 12:36 PM
1967,B304,4/19/19 12:52 PM
1915,624,4/19/19 12:59 PM
1967,B202,4/19/19 1:04 PM
1915,421,4/19/19 1:09 PM
1915,614,4/19/19 1:20 PM
1967,B212,4/19/19 1:24 PM
1967,B211,4/19/19 1:30 PM
1967,B213,4/19/19 1:40 PM
1915,414,4/19/19 1:47 PM
1915,511,4/19/19 2:00 PM
1915,514,4/19/19 2:01 PM
1915,413,4/19/19 2:15 PM
1915,621,4/19/19 2:20 PM
1915,522,4/19/19 2:28 PM
1915,424,4/19/19 2:34 PM
1915,521,4/19/19 2:34 PM
1915,423,4/19/19 2:43 PM
Blair,102,4/23/19 2:05 PM
Forbes,A426,4/24/19 12:00 AM
Forbes,307,4/24/19 10:06 AM
Forbes,306,4/24/19 10:06 AM
Forbes,156,4/24/19 10:09 AM
Forbes,317,4/24/19 10:13 AM
Forbes,318,4/24/19 10:14 AM
Forbes,106,4/24/19 10:15 AM
Forbes,155,4/24/19 10:17 AM
Forbes,154,4/24/19 10:17 AM
Forbes,305,4/24/19 10:18 AM
Forbes,308,4/24/19 10:21 AM
Forbes,A244,4/24/19 10:22 AM
Forbes,A126,4/24/19 10:23 AM
Forbes,A142,4/24/19 10:28 AM
Forbes,224,4/24/19 10:31 AM
Forbes,304,4/24/19 10:34 AM
Forbes,151,4/24/19 10:35 AM
Forbes,A155,4/24/19 10:38 AM
Forbes,A248,4/24/19 10:38 AM
Forbes,A246,4/24/19 10:38 AM
Forbes,152,4/24/19 10:39 AM
Forbes,331,4/24/19 10:39 AM
Forbes,324,4/24/19 10:42 AM
Forbes,153,4/24/19 10:44 AM
Forbes,235,4/24/19 10:45 AM
Forbes,254,4/24/19 10:47 AM
Forbes,224N,4/24/19 10:48 AM
Forbes,251,4/24/19 10:49 AM
Forbes,255,4/24/19 10:49 AM
Forbes,A258,4/24/19 10:50 AM
Forbes,A257,4/24/19 10:55 AM
Forbes,A255,4/24/19 10:55 AM
Forbes,218,4/24/19 10:57 AM
Forbes,A148,4/24/19 11:02 AM
Forbes,A147,4/24/19 11:02 AM
Forbes,A146,4/24/19 11:02 AM
Forbes,A156,4/24/19 11:02 AM
Forbes,A154,4/24/19 11:02 AM
Forbes,A135,4/24/19 11:04 AM
Forbes,A133,4/24/19 11:04 AM
Forbes,A134,4/24/19 11:06 AM
Forbes,219,4/24/19 11:06 AM
Forbes,252,4/24/19 11:14 AM
Forbes,234,4/24/19 11:16 AM
Forbes,A174,4/24/19 11:17 AM
Forbes,A136,4/24/19 11:17 AM
Forbes,303,4/24/19 11:17 AM
Forbes,A252,4/24/19 11:18 AM
Forbes,253,4/24/19 11:18 AM
Forbes,A250,4/24/19 11:18 AM
Forbes,220,4/24/19 11:21 AM
Forbes,261,4/24/19 11:22 AM
Forbes,A268,4/24/19 11:22 AM
Forbes,221,4/24/19 11:23 AM
Forbes,A144,4/24/19 11:24 AM
Forbes,A256,4/24/19 11:28 AM
Forbes,A254,4/24/19 11:28 AM
Forbes,A138,4/24/19 11:28 AM
Forbes,263,4/24/19 11:29 AM
Forbes,A247,4/24/19 11:30 AM
Forbes,A242,4/24/19 11:30 AM
Forbes,264,4/24/19 11:34 AM
Forbes,A323,4/24/19 11:35 AM
Forbes,321,4/24/19 11:35 AM
Forbes,A245,4/24/19 11:38 AM
Forbes,217,4/24/19 11:46 AM
Forbes,A270,4/24/19 11:48 AM
Forbes,A259,4/24/19 11:49 AM
Forbes,A261,4/24/19 11:54 AM
Forbes,A260,4/24/19 11:54 AM
Forbes,A263,4/24/19 11:54 AM
Forbes,A266,4/24/19 11:54 AM
Forbes,A427,4/24/19 11:54 AM
Forbes,267,4/24/19 11:56 AM
Forbes,206,4/24/19 12:03 PM
Forbes,237,4/24/19 12:05 PM
Forbes,239,4/24/19 12:06 PM
Forbes,268,4/24/19 12:07 PM
Forbes,262,4/24/19 12:12 PM
Forbes,111,4/24/19 12:12 PM
Forbes,266,4/24/19 12:14 PM
Forbes,207,4/24/19 12:18 PM
Forbes,215,4/24/19 12:19 PM
Forbes,210,4/24/19 12:19 PM
Forbes,213,4/24/19 12:20 PM
Forbes,107,4/24/19 12:26 PM
Forbes,211,4/24/19 12:29 PM
Forbes,110,4/24/19 12:30 PM
Forbes,A227,4/24/19 12:32 PM
Forbes,A232,4/24/19 12:35 PM
Forbes,A234,4/24/19 12:35 PM
Forbes,A265,4/24/19 12:35 PM
Forbes,108,4/24/19 12:38 PM
Forbes,A331,4/24/19 12:43 PM
Forbes,A231,4/24/19 12:44 PM
Forbes,A377,4/24/19 12:46 PM
Forbes,A431,4/24/19 12:46 PM
Forbes,208,4/24/19 12:51 PM
Forbes,209,4/24/19 12:54 PM
Forbes,A228,4/24/19 12:55 PM
Forbes,A131,4/24/19 12:57 PM
Forbes,A236,4/24/19 12:59 PM
Forbes,A238,4/24/19 1:01 PM
Forbes,A137,4/24/19 1:04 PM
Forbes,A328,4/24/19 1:08 PM
Forbes,A338,4/24/19 1:18 PM
Forbes,A332,4/24/19 1:18 PM
Forbes,A334,4/24/19 1:21 PM
Forbes,A132,4/24/19 1:26 PM
Forbes,A378,4/24/19 1:37 PM
Forbes,A374,4/24/19 1:39 PM
Forbes,A336,4/24/19 1:49 PM
Forbes,A432,4/24/19 1:52 PM
Forbes,A376,4/24/19 1:55 PM
Forbes,A428,4/24/19 2:06 PM
Forbes,A438,4/24/19 2:12 PM
Forbes,A434,4/24/19 2:18 PM
Forbes,A436,4/24/19 2:31 PM
Baker,E306,4/25/19 12:00 AM
Murley-Pivirotto,T304,4/25/19 12:00 AM
Hargadon,G207,4/25/19 10:02 AM
Baker,E321,4/25/19 10:10 AM
Baker,E323,4/25/19 10:10 AM
Lauritzen,D311,4/25/19 10:11 AM
Murley-Pivirotto,T402,4/25/19 10:13 AM
1981,F229,4/25/19 10:14 AM
1981,F212,4/25/19 10:17 AM
1981,F023,4/25/19 10:19 AM
Baker,S403,4/25/19 10:25 AM
Baker,S405,4/25/19 10:25 AM
Baker,E427,4/25/19 10:25 AM
1981,F123,4/25/19 10:28 AM
Hargadon,G407B,4/25/19 10:39 AM
Hargadon,G406,4/25/19 10:40 AM
Wendell,B311,4/25/19 10:40 AM
Wendell,B313,4/25/19 10:41 AM
Wendell,B318,4/25/19 10:41 AM
Lauritzen,D114,4/25/19 10:45 AM
Lauritzen,D107,4/25/19 10:47 AM
Baker,E108,4/25/19 10:51 AM
Baker,S406,4/25/19 10:52 AM
Baker,E429,4/25/19 10:52 AM
Baker,S404,4/25/19 10:53 AM
Wendell,B317,4/25/19 10:53 AM
Wendell,B412,4/25/19 10:53 AM
Wendell,B414,4/25/19 10:54 AM
Lauritzen,D308,4/25/19 10:54 AM
Wendell,B205,4/25/19 10:54 AM
Lauritzen,D302,4/25/19 10:54 AM
Wendell,B204,4/25/19 10:54 AM
Lauritzen,D201,4/25/19 10:55 AM
Lauritzen,D203,4/25/19 10:55 AM
Lauritzen,D108,4/25/19 10:58 AM
Lauritzen,D301,4/25/19 11:03 AM
Lauritzen,D303,4/25/19 11:03 AM
Baker,S202,4/25/19 11:04 AM
Lauritzen,D110,4/25/19 11:04 AM
Lauritzen,D106,4/25/19 11:05 AM
Wendell,B428,4/25/19 11:08 AM
Wendell,B420,4/25/19 11:08 AM
Wendell,C217,4/25/19 11:15 AM
Lauritzen,D109,4/25/19 11:18 AM
Lauritzen,D209,4/25/19 11:19 AM
1981,F019,4/25/19 11:19 AM
Baker,E223,4/25/19 11:19 AM
1981,F307,4/25/19 11:20 AM
1981,F114,4/25/19 11:20 AM
1981,F015,4/25/19 11:21 AM
Baker,S106,4/25/19 11:24 AM
1981,F007,4/25/19 11:26 AM
Hargadon,G402,4/25/19 11:26 AM
Baker,S102,4/25/19 11:39 AM
1981,F024,4/25/19 11:41 AM
Baker,S003,4/25/19 11:45 AM
1981,F016,4/25/19 11:47 AM
Wendell,B218,4/25/19 11:51 AM
Hargadon,G101A,4/25/19 11:54 AM
Wendell,B309,4/25/19 11:56 AM
Murley-Pivirotto,T302,4/25/19 12:00 PM
Baker,S302,4/25/19 12:00 PM
Wendell,B415,4/25/19 12:12 PM
Lauritzen,D307,4/25/19 12:21 PM
Wendell,B411,4/25/19 12:31 PM
Lauritzen,D105,4/25/19 12:32 PM
Lauritzen,D305,4/25/19 12:40 PM
Wendell,B314,4/25/19 12:43 PM
Baker,S402,4/25/19 12:46 PM
Wendell,B315,4/25/19 12:48 PM
Lauritzen,D112,4/25/19 1:02 PM
Lauritzen,D020,4/25/19 1:20 PM
1981,F105,4/25/19 1:32 PM
1981,F116,4/25/19 2:43 PM
Wendell,B320,4/25/19 2:53 PM
1981,F018,4/25/19 3:03 PM
1981,F103,4/25/19 3:08 PM
Wendell,C204,4/25/19 10:28 PM
Lockhart,401,4/26/19 12:00 AM
Lockhart,402,4/26/19 12:00 AM
Patton,T12,4/26/19 10:04 AM
Patton,313,4/26/19 10:07 AM
Brown,210,4/26/19 10:08 AM
Dod,403,4/26/19 10:10 AM
1903,421,4/26/19 10:10 AM
Scully,405,4/26/19 10:12 AM
Patton,T05,4/26/19 10:16 AM
Scully,331,4/26/19 10:18 AM
Scully,333,4/26/19 10:19 AM
Dod,401S,4/26/19 10:26 AM
Brown,329,4/26/19 10:33 AM
Dod,413,4/26/19 10:37 AM
Patton,408,4/26/19 10:45 AM
Scully,217,4/26/19 10:48 AM
Scully,215,4/26/19 10:49 AM
Scully,254,4/26/19 10:59 AM
Scully,252,4/26/19 10:59 AM
Wright,306,4/26/19 11:03 AM
Scully,270,4/26/19 11:13 AM
Pyne,223,4/26/19 11:14 AM
Pyne,224,4/26/19 11:14 AM
Pyne,221,4/26/19 11:14 AM
1903,523A,4/26/19 11:15 AM
1903,527,4/26/19 11:17 AM
1903,522,4/26/19 11:17 AM
1903,528,4/26/19 11:17 AM
1903,216,4/26/19 11:17 AM
1903,532,4/26/19 11:17 AM
Foulke,321,4/26/19 11:18 AM
Foulke,313,4/26/19 11:19 AM
Little,124,4/26/19 11:37 AM
Lockhart,111,4/26/19 11:42 AM
Foulke,318,4/26/19 11:47 AM
Foulke,317,4/26/19 11:48 AM
1903,517,4/26/19 12:09 PM
1903,323,4/26/19 12:09 PM
1903,414,4/26/19 12:09 PM
Foulke,305,4/26/19 12:12 PM
Pyne,421,4/26/19 12:13 PM
Dod,200S,4/26/19 12:14 PM
Cuyler,633,4/26/19 12:16 PM
Brown,220,4/26/19 12:19 PM
Scully,255,4/26/19 12:23 PM
Scully,261,4/26/19 12:23 PM
Patton,075,4/26/19 12:27 PM
Dod,310,4/26/19 12:28 PM
Patton,076,4/26/19 12:31 PM
Patton,307,4/26/19 12:38 PM
Pyne,332,4/26/19 12:38 PM
Dod,411,4/26/19 12:46 PM
1903,243,4/26/19 12:47 PM
Pyne,511,4/26/19 12:49 PM
Henry,125,4/26/19 12:52 PM
Lockhart,103,4/26/19 12:53 PM
Lockhart,101,4/26/19 12:53 PM
Foulke,316,4/26/19 12:53 PM
Pyne,211,4/26/19 1:00 PM
Pyne,241,4/26/19 1:07 PM
Pyne,321,4/26/19 1:07 PM
1903,431,4/26/19 1:11 PM
Pyne,322,4/26/19 1:12 PM
Dod,214,4/26/19 1:12 PM
1903,231,4/26/19 1:15 PM
1903,237,4/26/19 1:15 PM
Dod,217,4/26/19 1:17 PM
1903,531,4/26/19 1:20 PM
Scully,240,4/26/19 1:20 PM
Henry,213,4/26/19 1:23 PM
Henry,214,4/26/19 1:24 PM
Henry,313,4/26/19 1:24 PM
Henry,215,4/26/19 1:24 PM
Pyne,633,4/26/19 1:26 PM
Scully,202,4/26/19 1:29 PM
Scully,201,4/26/19 1:29 PM
Dod,206,4/26/19 1:29 PM
Henry,216,4/26/19 1:32 PM
1901,115,4/26/19 1:40 PM
Scully,407,4/26/19 1:47 PM
Patton,T08,4/26/19 1:51 PM
Scully,301,4/26/19 1:53 PM
Scully,354,4/26/19 1:53 PM
Scully,352,4/26/19 1:53 PM
Scully,332,4/26/19 2:00 PM
Scully,334,4/26/19 2:00 PM
Dod,401,4/26/19 2:05 PM
Scully,158,4/26/19 2:05 PM
Scully,156,4/26/19 2:05 PM
Cuyler,521,4/26/19 2:12 PM
Henry,225,4/26/19 2:17 PM
Wright,301,4/26/19 2:23 PM
Foulke,334,4/26/19 2:35 PM
Foulke,335,4/26/19 2:39 PM
1903,241,4/26/19 2:42 PM
Brown,119,4/26/19 2:42 PM
1903,242,4/26/19 2:44 PM
Laughlin,627,4/26/19 2:48 PM
Brown,410,4/26/19 2:48 PM
Pyne,344,4/26/19 2:53 PM
1901,312,4/26/19 2:54 PM
Pyne,621,4/26/19 2:56 PM
Wright,303,4/26/19 2:57 PM
1901,314,4/26/19 2:57 PM
Wright,404,4/26/19 2:57 PM
1901,313,4/26/19 2:57 PM
Foulke,341,4/26/19 3:16 PM
Scully,340,4/26/19 3:17 PM
Pyne,634,4/26/19 3:23 PM
Cuyler,403,4/26/19 3:32 PM
Laughlin,513,4/26/19 3:32 PM
Patton,040,4/26/19 3:37 PM
Henry,233,4/26/19 3:38 PM
Scully,133,4/26/19 3:41 PM
Scully,131,4/26/19 3:41 PM
Cuyler,511,4/26/19 3:47 PM
Brown,429,4/26/19 3:49 PM
1903,514,4/26/19 3:56 PM
Pyne,611,4/26/19 4:02 PM
Scully,121,4/26/19 4:19 PM
Scully,123,4/26/19 4:19 PM
Cuyler,421,4/26/19 4:21 PM
Patton,062,4/26/19 4:24 PM
Foulke,314,4/26/19 4:33 PM
Foulke,315,4/26/19 4:33 PM
Foulke,325,4/26/19 4:34 PM
Dod,400S,4/26/19 4:41 PM
Foulke,333,4/26/19 4:58 PM
Dod,404,4/26/19 4:59 PM
Dod,302S,4/26/19 4:59 PM
Laughlin,523,4/26/19 5:22 PM
1903,526,4/28/19 6:36 PM
1903,524,4/28/19 6:37 PM
1903,516,4/28/19 6:37 PM
1903,422,4/28/19 6:38 PM
Cuyler,439,4/29/19 12:00 AM
Wright,302,4/29/19 10:16 AM
1903,228,4/29/19 10:16 AM
1903,227,4/29/19 10:17 AM
Pyne,623,4/29/19 10:18 AM
Scully,355,4/29/19 10:23 AM
1903,143,4/29/19 10:29 AM
1903,225,4/29/19 10:29 AM
1903,125,4/29/19 10:29 AM
1903,142,4/29/19 10:30 AM
Dod,301S,4/29/19 10:32 AM
Patton,087,4/29/19 10:41 AM
Foulke,202,4/29/19 10:46 AM
1903,511,4/29/19 10:48 AM
Scully,408,4/29/19 10:49 AM
1903,124,4/29/19 10:49 AM
Patton,064,4/29/19 10:49 AM
Patton,074,4/29/19 10:49 AM
1903,313,4/29/19 10:51 AM
Patton,063,4/29/19 10:51 AM
Dod,300,4/29/19 10:52 AM
Henry,229,4/29/19 10:53 AM
Henry,121,4/29/19 10:53 AM
Wright,402,4/29/19 10:55 AM
Patton,089,4/29/19 10:55 AM
Wright,403,4/29/19 10:57 AM
Cuyler,401,4/29/19 10:58 AM
Laughlin,623,4/29/19 11:06 AM
Scully,308,4/29/19 11:16 AM
Scully,310,4/29/19 11:16 AM
Lockhart,315,4/29/19 11:23 AM
Lockhart,314,4/29/19 11:25 AM
Dod,416,4/29/19 11:31 AM
Dod,415,4/29/19 11:31 AM
Dod,414,4/29/19 11:32 AM
Dod,315,4/29/19 11:33 AM
Pyne,313,4/29/19 11:48 AM
Wright,011,4/29/19 11:49 AM
Scully,125,4/29/19 11:52 AM
Scully,415,4/29/19 11:52 AM
Scully,416,4/29/19 11:53 AM
Patton,T04,4/29/19 11:53 AM
Wright,401,4/29/19 11:54 AM
Scully,256,4/29/19 11:56 AM
Scully,258,4/29/19 11:57 AM
Wright,304,4/29/19 11:58 AM
Cuyler,404,4/29/19 11:59 AM
Brown,121,4/29/19 12:00 PM
Patton,073,4/29/19 12:00 PM
Pyne,213,4/29/19 12:16 PM
1901,141,4/29/19 12:16 PM
Pyne,312,4/29/19 12:17 PM
1901,411,4/29/19 12:17 PM
Pyne,311,4/29/19 12:17 PM
Pyne,735,4/29/19 12:33 PM
Scully,250,4/29/19 12:43 PM
Scully,248,4/29/19 12:43 PM
Foulke,302,4/29/19 12:46 PM
Lockhart,114,4/29/19 12:47 PM
1901,441,4/29/19 1:01 PM
Cuyler,234,4/29/19 1:17 PM
Dod,417,4/29/19 1:21 PM
Dod,407,4/29/19 1:21 PM
Dod,402N,4/29/19 1:24 PM
Pyne,713,4/29/19 1:26 PM
Laughlin,624,4/29/19 1:47 PM
Laughlin,626,4/29/19 1:47 PM
Laughlin,615,4/29/19 2:00 PM
Laughlin,614,4/29/19 2:01 PM
Scully,150,4/29/19 2:03 PM
Scully,148,4/29/19 2:03 PM
Laughlin,633,4/29/19 2:03 PM
Pyne,603,4/29/19 2:05 PM
Pyne,721,4/29/19 2:07 PM
Scully,335,4/29/19 2:19 PM
Patton,T07,4/29/19 2:27 PM
Scully,345,4/29/19 2:28 PM
Wright,032,4/29/19 2:31 PM
Little,111,4/29/19 2:38 PM
Pyne,427,4/29/19 2:41 PM
Pyne,414,4/29/19 2:41 PM
Pyne,426,4/29/19 2:41 PM
Wright,021,4/29/19 2:42 PM
Pyne,617,4/29/19 3:00 PM
Pyne,613,4/29/19 3:02 PM
Cuyler,437,4/29/19 3:02 PM
Pyne,625,4/29/19 3:02 PM
Pyne,334,4/29/19 3:02 PM
Pyne,424,4/29/19 3:05 PM
Pyne,423,4/29/19 3:05 PM
1903,312,4/29/19 3:06 PM
1903,224,4/29/19 3:06 PM
Pyne,422,4/29/19 3:07 PM
1903,513,4/29/19 3:17 PM
1903,503,4/29/19 3:18 PM
1901,114,4/29/19 3:30 PM
1901,113,4/29/19 3:31 PM
Foulke,102,4/29/19 3:32 PM
Foulke,101,4/29/19 3:32 PM
Pyne,324,4/29/19 3:33 PM
1901,117,4/29/19 3:34 PM
Scully,327,4/29/19 3:34 PM
1903,411,4/29/19 3:46 PM
Lockhart,421,4/29/19 3:46 PM
Cuyler,438,4/29/19 3:46 PM
Cuyler,232,4/29/19 3:47 PM
Cuyler,233,4/29/19 3:47 PM
Pyne,632,4/29/19 3:47 PM
Pyne,433,4/29/19 3:48 PM
Patton,308,4/29/19 3:51 PM
Dod,213,4/29/19 3:53 PM
Cuyler,235,4/29/19 3:55 PM
Brown,312,4/29/19 3:59 PM
Brown,225,4/29/19 3:59 PM
Brown,226,4/29/19 3:59 PM
Lockhart,331,4/29/19 4:06 PM
Laughlin,617,4/29/19 4:13 PM
Pyne,731,4/29/19 4:13 PM
Pyne,431,4/29/19 4:13 PM
Pyne,741,4/29/19 4:13 PM
Henry,141,4/29/19 4:20 PM
Wright,010,4/29/19 4:24 PM
Cuyler,632,4/29/19 4:25 PM
Scully,360,4/29/19 4:27 PM
Scully,362,4/29/19 4:28 PM
Scully,238,4/29/19 4:35 PM
Little,399,4/29/19 4:37 PM
Scully,127,4/29/19 4:37 PM
Patton,061,4/29/19 4:41 PM
Scully,213,4/29/19 4:51 PM
Henry,324,4/29/19 4:51 PM
Patton,T11,4/29/19 4:57 PM
Pyne,432,4/29/19 5:02 PM
Pyne,434,4/29/19 5:02 PM
Pyne,335,4/29/19 5:02 PM
Pyne,439,4/29/19 5:02 PM
Scully,140,4/29/19 5:03 PM
Pyne,437,4/29/19 5:05 PM
Scully,130,4/29/19 5:06 PM
Scully,122,4/29/19 5:07 PM
Scully,128,4/29/19 5:07 PM
Henry,220,4/30/19 12:00 AM
1903,515,4/30/19 12:00 AM
Lockhart,104,4/30/19 12:00 AM
Henry,204,4/30/19 10:05 AM
Henry,211,4/30/19 10:06 AM
Henry,203,4/30/19 10:06 AM
Henry,301,4/30/19 10:07 AM
Laughlin,512,4/30/19 10:07 AM
Patton,311,4/30/19 10:08 AM
Pyne,144,4/30/19 10:11 AM
Cuyler,634,4/30/19 10:15 AM
Dod,301N,4/30/19 10:19 AM
Scully,325,4/30/19 10:31 AM
Scully,228,4/30/19 10:37 AM
1903,523,4/30/19 10:56 AM
Laughlin,622,4/30/19 11:08 AM
Scully,371,4/30/19 11:54 AM
Scully,373,4/30/19 11:55 AM
Scully,304,4/30/19 12:12 PM
Scully,302,4/30/19 12:13 PM
1901,132,4/30/19 12:20 PM
Scully,338,4/30/19 12:29 PM
Scully,336,4/30/19 12:29 PM
Scully,448,4/30/19 12:29 PM
Scully,356,4/30/19 12:31 PM
Scully,358,4/30/19 12:31 PM
Dod,311,4/30/19 12:38 PM
Scully,361,4/30/19 1:05 PM
1901,404,4/30/19 1:06 PM
1901,405,4/30/19 1:06 PM
1901,402,4/30/19 1:07 PM
Scully,106,4/30/19 1:28 PM
1903,533,4/30/19 1:37 PM
Foulke,214,4/30/19 1:53 PM
Scully,444,4/30/19 1:53 PM
Scully,438,4/30/19 1:54 PM
Brown,325,4/30/19 2:04 PM
Scully,411,4/30/19 2:13 PM
Dod,402S,4/30/19 2:32 PM
Lockhart,423,4/30/19 2:34 PM
Scully,102,4/30/19 2:37 PM
Scully,328,4/30/19 2:40 PM
Scully,350,4/30/19 3:02 PM
Scully,430,4/30/19 3:07 PM
1903,525,4/30/19 3:14 PM
Scully,413,4/30/19 3:17 PM
Scully,348,4/30/19 3:38 PM
Scully,108,4/30/19 3:58 PM
Scully,110,4/30/19 3:59 PM
Patton,312,4/30/19 4:16 PM
Foulke,215,4/30/19 4:17 PM
Foulke,213,4/30/19 4:17 PM
Scully,268,4/30/19 4:22 PM
1901,223,4/30/19 4:22 PM
Scully,428,4/30/19 4:37 PM
Scully,116,4/30/19 4:40 PM
Brown,113,4/30/19 4:44 PM
Scully,138,4/30/19 4:57 PM
Scully,136,4/30/19 4:58 PM
Brown,213,4/30/19 5:05 PM
Foulke,113,4/30/19 5:16 PM
Foulke,303,5/1/19 10:18 AM
1901,202,5/1/19 10:51 AM
Scully,441,5/1/19 11:07 AM
1901,116,5/1/19 11:33 AM
Dod,302,5/1/19 11:38 AM
Pyne,413,5/1/19 11:48 AM
Pyne,411,5/1/19 11:49 AM
Henry,236,5/1/19 11:51 AM
Scully,104,5/1/19 11:52 AM
1901,235,5/1/19 12:02 PM
1901,214,5/1/19 12:20 PM
Scully,401,5/1/19 12:23 PM
Little,A46,5/1/19 1:01 PM
1901,201,5/1/19 1:48 PM
Foulke,204,5/1/19 2:16 PM
Scully,436,5/1/19 2:27 PM
Pyne,601,5/1/19 2:37 PM
Pyne,325,5/1/19 2:53 PM
Scully,236,5/1/19 3:14 PM
Foulke,123,5/1/19 3:23 PM
1903,413,5/1/19 3:24 PM
Brown,414,5/1/19 3:24 PM
Pyne,714,5/1/19 3:30 PM
1903,501,5/1/19 3:35 PM
Scully,149,5/1/19 3:46 PM
Brown,114,5/1/19 3:49 PM
Brown,111,5/1/19 3:49 PM
Pyne,412,5/1/19 3:56 PM
Little,A56,5/1/19 3:57 PM
1901,311,5/1/19 4:12 PM
Scully,118,5/1/19 4:19 PM
Patton,041,5/1/19 4:30 PM
Dod,401N,5/1/19 4:37 PM
Dod,101N,5/1/19 4:40 PM
Pyne,722,5/1/19 4:52 PM
Pyne,222,5/1/19 4:52 PM
Pyne,727,5/1/19 4:52 PM
Pyne,225,5/1/19 4:53 PM
Pyne,622,5/1/19 4:53 PM
Pyne,235,5/1/19 4:54 PM
Scully,207,5/1/19 4:54 PM
Pyne,711,5/1/19 4:55 PM
1901,126,5/1/19 4:57 PM
1901,325,5/1/19 4:59 PM
Scully,230,5/1/19 5:01 PM
Little,115,5/1/19 5:03 PM
Brown,123,5/1/19 5:23 PM
Little,141,5/2/19 12:00 AM
Pyne,316,5/2/19 12:00 AM
Henry,134,5/2/19 10:01 AM
Henry,224,5/2/19 10:01 AM
Cuyler,435,5/2/19 10:04 AM
Henry,226,5/2/19 10:04 AM
Brown,214,5/2/19 10:06 AM
Brown,413,5/2/19 10:07 AM
Dod,202S,5/2/19 10:07 AM
Dod,201S,5/2/19 10:07 AM
Henry,205,5/2/19 10:15 AM
Scully,353,5/2/19 10:19 AM
Scully,322,5/2/19 10:19 AM
Dod,201N,5/2/19 10:27 AM
Scully,370,5/2/19 10:36 AM
Scully,101,5/2/19 10:36 AM
Little,146,5/2/19 10:37 AM
Scully,117,5/2/19 10:40 AM
1901,233,5/2/19 10:47 AM
Scully,330,5/2/19 10:49 AM
Dod,202N,5/2/19 10:49 AM
Laughlin,613,5/2/19 10:49 AM
Laughlin,533,5/2/19 10:49 AM
Scully,420,5/2/19 10:56 AM
Pyne,602,5/2/19 10:57 AM
Foulke,306,5/2/19 10:59 AM
Foulke,307,5/2/19 10:59 AM
Foulke,308,5/2/19 10:59 AM
Little,142,5/2/19 11:02 AM
1901,331,5/2/19 11:02 AM
Scully,402,5/2/19 11:11 AM
Scully,242,5/2/19 11:14 AM
Scully,432,5/2/19 11:15 AM
Scully,403,5/2/19 11:16 AM
1903,401,5/2/19 11:17 AM
Laughlin,531,5/2/19 11:22 AM
Foulke,132,5/2/19 11:22 AM
Pyne,719,5/2/19 11:31 AM
Scully,404,5/2/19 11:31 AM
1901,421,5/2/19 11:31 AM
Foulke,124,5/2/19 11:31 AM
Pyne,715,5/2/19 11:33 AM
Pyne,716,5/2/19 11:33 AM
Brown,321,5/2/19 11:36 AM
Brown,322,5/2/19 11:36 AM
Brown,314,5/2/19 11:37 AM
Brown,420,5/2/19 11:39 AM
Scully,422,5/2/19 11:42 AM
Patton,T06,5/2/19 11:42 AM
Scully,433,5/2/19 11:44 AM
Scully,443,5/2/19 11:55 AM
1901,224,5/2/19 12:02 PM
Pyne,712,5/2/19 12:02 PM
Foulke,122,5/2/19 12:02 PM
Pyne,725,5/2/19 12:03 PM
Scully,366,5/2/19 12:03 PM
Pyne,717,5/2/19 12:03 PM
Brown,326,5/2/19 12:07 PM
Brown,222,5/2/19 12:07 PM
Brown,426,5/2/19 12:08 PM
Pyne,724,5/2/19 12:26 PM
Scully,364,5/2/19 12:27 PM
Scully,368,5/2/19 12:28 PM
Brown,425,5/2/19 12:29 PM
Cuyler,612,5/2/19 12:32 PM
Cuyler,622,5/2/19 12:34 PM
Cuyler,623,5/2/19 12:34 PM
Brown,328,5/2/19 12:38 PM
Brown,319,5/2/19 12:38 PM
Scully,372,5/2/19 12:39 PM
Dod,302N,5/2/19 1:05 PM
Brown,118,5/2/19 1:10 PM
Scully,107,5/2/19 1:10 PM
Little,A40,5/2/19 1:12 PM
Scully,374,5/2/19 1:13 PM
Pyne,315,5/2/19 1:16 PM
Pyne,615,5/2/19 1:18 PM
Little,122,5/2/19 1:25 PM
Pyne,643,5/2/19 1:26 PM
Henry,218,5/2/19 1:27 PM
1901,234,5/2/19 1:27 PM
Pyne,641,5/2/19 1:28 PM
Brown,219,5/2/19 1:28 PM
Henry,235,5/2/19 1:29 PM
1901,335,5/2/19 1:29 PM
Cuyler,112,5/2/19 1:31 PM
Cuyler,236,5/2/19 1:31 PM
Cuyler,436,5/2/19 1:32 PM
Cuyler,231,5/2/19 1:32 PM
Cuyler,434,5/2/19 1:32 PM
Brown,417,5/2/19 1:32 PM
Pyne,232,5/2/19 1:32 PM
Pyne,233,5/2/19 1:35 PM
Laughlin,612,5/2/19 1:36 PM
Little,143,5/2/19 1:39 PM
1901,215,5/2/19 1:40 PM
Dod,303,5/2/19 1:50 PM
Pyne,626,5/2/19 1:52 PM
Pyne,429,5/2/19 1:55 PM
Pyne,743,5/2/19 1:57 PM
Patton,072,5/2/19 2:01 PM
Henry,206,5/2/19 2:02 PM
Pyne,702,5/2/19 2:08 PM
Pyne,705,5/2/19 2:08 PM
Brown,117,5/2/19 2:09 PM
Pyne,701,5/2/19 2:09 PM
Cuyler,631,5/2/19 2:12 PM
Little,131,5/2/19 2:13 PM
1901,225,5/2/19 2:14 PM
Laughlin,534,5/2/19 2:14 PM
Patton,088,5/2/19 2:19 PM
Henry,230,5/2/19 2:24 PM
Henry,207,5/2/19 2:25 PM
Henry,231,5/2/19 2:25 PM
Henry,232,5/2/19 2:25 PM
Lockhart,112,5/2/19 2:27 PM
Laughlin,522,5/2/19 2:30 PM
Foulke,205,5/2/19 2:30 PM
Lockhart,102,5/2/19 2:34 PM
Foulke,203,5/2/19 2:34 PM
Dod,313,5/2/19 2:37 PM
Foulke,331,5/2/19 2:39 PM
Henry,131,5/2/19 2:48 PM
Pyne,703,5/2/19 2:49 PM
Foulke,328,5/2/19 2:49 PM
1901,431,5/2/19 2:49 PM
1901,401,5/2/19 2:50 PM
Henry,222A,5/2/19 2:51 PM
1901,103,5/2/19 2:52 PM
Foulke,112,5/2/19 2:52 PM
Foulke,329,5/2/19 2:56 PM
Laughlin,532,5/2/19 2:56 PM
1903,226,5/2/19 2:56 PM
Pyne,243,5/2/19 2:58 PM
Little,121,5/2/19 2:58 PM
1901,333,5/2/19 3:01 PM
1901,332,5/2/19 3:04 PM
1901,232,5/2/19 3:04 PM
1901,334,5/2/19 3:05 PM
1901,124,5/2/19 3:10 PM
1901,105,5/2/19 3:15 PM
1915,623,5/2/19 3:16 PM
1901,213,5/2/19 3:17 PM
1901,121,5/2/19 3:22 PM
Scully,307,5/2/19 3:25 PM
Wright,020,5/2/19 3:27 PM
Pyne,630,5/2/19 3:28 PM
Cuyler,122,5/2/19 3:28 PM
1901,321,5/2/19 3:29 PM
Pyne,441A,5/2/19 3:30 PM
Little,123,5/2/19 3:32 PM
Henry,137,5/2/19 3:34 PM
Henry,221,5/2/19 3:37 PM
Foulke,201,5/2/19 3:40 PM
Wright,407,5/2/19 3:45 PM
1901,322,5/2/19 4:09 PM
Henry,332,5/2/19 4:12 PM
Henry,123,5/2/19 4:12 PM
1901,102,5/2/19 4:12 PM
Wright,031,5/2/19 4:13 PM
Henry,227,5/2/19 4:14 PM
Pyne,143,5/2/19 4:20 PM
Cuyler,121,5/2/19 4:22 PM
Henry,331,5/2/19 4:32 PM
1903,321,5/2/19 4:36 PM
Pyne,141,5/2/19 4:40 PM
Pyne,728,5/2/19 4:48 PM
Cuyler,522,5/2/19 4:49 PM
Lockhart,223,5/2/19 4:53 PM
Pyne,441,5/2/19 5:07 PM
1903,512,5/2/19 5:18 PM
1903,535,5/3/19 10:02 AM
Pyne,346,5/3/19 10:19 AM
Little,134,5/3/19 10:22 AM
Foulke,133,5/3/19 10:23 AM
1901,221,5/3/19 10:23 AM
1901,203,5/3/19 10:23 AM
Patton,T03,5/3/19 10:24 AM
Cuyler,611,5/3/19 10:29 AM
Patton,030,5/3/19 10:35 AM
Henry,133,5/3/19 10:35 AM
Henry,323,5/3/19 10:35 AM
Foulke,312,5/3/19 10:36 AM
1901,222A,5/3/19 10:42 AM
Cuyler,111,5/3/19 10:49 AM
Lockhart,422,5/3/19 10:55 AM
Cuyler,211,5/3/19 11:01 AM
1903,141,5/3/19 11:06 AM
Henry,222,5/3/19 11:08 AM
Cuyler,613,5/3/19 11:11 AM
1903,432,5/3/19 11:19 AM
Lockhart,431,5/3/19 11:23 AM
Cuyler,414,5/3/19 11:23 AM
Pyne,631A,5/3/19 11:28 AM
Pyne,631,5/3/19 11:34 AM
Henry,228,5/3/19 11:36 AM
1903,311,5/3/19 11:45 AM
Little,A48,5/3/19 11:46 AM
1903,314,5/3/19 11:49 AM
Pyne,230,5/3/19 11:58 AM
Cuyler,621,5/3/19 11:59 AM
1903,324,5/3/19 11:59 AM
1901,413,5/3/19 12:07 PM
Foulke,111,5/3/19 12:11 PM
Henry,114,5/3/19 12:11 PM
Henry,113,5/3/19 12:13 PM
Pyne,345,5/3/19 12:26 PM
Little,097,5/3/19 12:43 PM
1901,301,5/3/19 12:47 PM
Foulke,221,5/3/19 12:49 PM
1903,244,5/3/19 1:07 PM
Brown,221,5/3/19 1:09 PM
Cuyler,311,5/3/19 1:17 PM
Little,A54,5/3/19 1:17 PM
Lockhart,213,5/3/19 1:21 PM
Cuyler,321,5/3/19 1:27 PM
1903,236,5/3/19 1:27 PM
Patton,060,5/3/19 1:28 PM
1903,504,5/3/19 1:33 PM
Cuyler,221,5/3/19 1:51 PM
Brown,122,5/3/19 1:55 PM
Henry,321,5/3/19 1:59 PM
Pyne,442,5/3/19 2:00 PM
Cuyler,222,5/3/19 2:09 PM
1903,502,5/3/19 2:12 PM
Pyne,443,5/3/19 2:18 PM
1903,213,5/3/19 2:25 PM
Henry,124,5/3/19 2:27 PM
1901,324,5/3/19 2:35 PM
Cuyler,412,5/3/19 2:38 PM
Pyne,342,5/3/19 2:38 PM
Lockhart,432,5/3/19 2:38 PM
Lockhart,311,5/3/19 3:01 PM
Pyne,734,5/3/19 3:06 PM
Foulke,222,5/3/19 3:06 PM
Foulke,121,5/3/19 3:18 PM
Laughlin,631,5/3/19 3:24 PM
Pyne,435,5/3/19 3:27 PM
Little,A14,5/3/19 3:32 PM
Foulke,131,5/3/19 3:40 PM
Cuyler,312,5/3/19 3:41 PM
Pyne,333,5/3/19 3:46 PM
Lockhart,321,5/3/19 3:47 PM
Little,103,5/3/19 4:19 PM
Cuyler,601,5/3/19 4:23 PM
Henry,234,5/3/19 4:23 PM
Little,091,5/6/19 10:06 AM
Brown,212,5/6/19 10:15 AM
Little,145,5/6/19 10:17 AM
1901,123,5/6/19 10:17 AM
Brown,228,5/6/19 10:28 AM
Little,105,5/6/19 10:32 AM
Brown,227,5/6/19 10:36 AM
Henry,314,5/6/19 10:40 AM
Henry,311,5/6/19 11:00 AM
Brown,211,5/6/19 11:02 AM
Brown,418,5/6/19 11:14 AM
Cuyler,322,5/6/19 11:43 AM
Cuyler,402,5/6/19 11:44 AM
Brown,127,5/6/19 11:57 AM
Brown,327,5/6/19 12:03 PM
Brown,427,5/6/19 12:31 PM
Brown,128,5/6/19 12:35 PM
Foulke,114,5/6/19 12:53 PM
1901,101,5/6/19 1:07 PM
Brown,112,5/6/19 1:14 PM
Foulke,211,5/6/19 1:42 PM
Brown,313,5/6/19 2:16 PM
Laughlin,616,5/6/19 2:31 PM
1901,403,5/6/19 3:19 PM
Pyne,614,5/6/19 3:28 PM
1901,104,5/6/19 4:12 PM
1901,133,5/6/19 4:34 PM
Pyne,718,5/6/19 8:54 PM
